1,-0.74,-0.67,0.04,9.52,-9.22,-2.5
2,-0.74,-0.66,0.04,9.77,-7.02,-1.95
3,-0.74,-0.65,0.03,10.13,-4.09,-0.85
4,-0.73,-0.64,0.03,10.56,-0.79,0.79
5,-0.72,-0.64,0.03,10.86,2.44,2.56
6,-0.71,-0.65,0.04,11.05,5.19,3.48
7,-0.7,-0.65,0.05,10.68,7.26,3.6
8,-0.7,-0.67,0.04,10.19,8.91,3.11
9,-0.7,-0.68,0.03,9.28,10.8,2.2
10,-0.71,-0.67,0.02,7.2,12.51,1.22
11,-0.71,-0.67,0.02,3.72,14.22,1.04
12,-0.7,-0.69,0.05,-0.24,15.5,1.34
13,-0.66,-0.72,0.1,-3.97,15.5,1.53
14,-0.62,-0.73,0.14,-7.93,13.73,0.85
15,-0.61,-0.7,0.18,-10.38,10.44,-0.06
16,-0.61,-0.67,0.18,-10.25,6.9,-0.49
17,-0.58,-0.62,0.19,-10.07,3.78,-1.1
18,-0.56,-0.55,0.2,-12.76,1.22,-2.69
19,-0.57,-0.47,0.2,-16.78,-1.28,-4.58
20,-0.63,-0.44,0.24,-19.71,-3.54,-5.62
21,-0.65,-0.42,0.28,-21.85,-6.71,-6.35
22,-0.68,-0.42,0.33,-21.73,-11.11,-6.41
23,-0.66,-0.5,0.35,-20.26,-15.87,-6.04
24,-0.62,-0.6,0.35,-17.03,-19.53,-7.02
25,-0.64,-0.63,0.36,-14.47,-22.89,-10.19
26,-0.69,-0.69,0.33,-12.51,-26.61,-12.82
27,-0.77,-0.69,0.27,-6.71,-29.91,-13.67
28,-0.86,-0.69,0.19,-7.39,-33.51,-13.31
29,-0.89,-0.79,0.22,-13.06,-37.41,-11.78
30,-0.88,-0.94,0.29,-8.67,-43.46,-12.88
31,-0.91,-0.95,0.16,1.1,-51.15,-18.62
32,-0.96,-1,0.07,3.72,-54.32,-21.91
33,-0.99,-1.09,0.11,6.65,-53.04,-21.61
34,-1.01,-1.16,0.11,19.53,-51.15,-21.18
35,-1.02,-1.11,0.02,34.18,-48.46,-23.44
36,-0.97,-0.97,-0.1,46.08,-41.2,-27.34
37,-0.94,-0.9,-0.23,48.34,-25.7,-30.58
38,-0.94,-0.81,-0.18,37.6,-5.25,-32.71
39,-0.93,-0.81,-0.11,29.97,13.43,-31.49
40,-1.05,-0.64,-0.16,29.17,29.24,-26.37
41,-1.5,0.03,-1.14,57.62,49.13,-14.4
42,-1.42,-1.01,-0.97,45.1,81.73,1.71
43,-1.57,-1.63,-0.09,-5.92,101.01,-2.56
44,-1.55,-1.8,0.46,24.96,90.27,-20.14
45,-1.27,-1.52,0.51,95.52,50.78,-29.24
46,-0.83,-1.2,0.28,156.98,4.7,-29.85
47,-0.68,-1.14,0.24,189.15,-26.18,-23.07
48,-0.61,-1.1,0.17,229.49,-39.43,-18.01
49,-0.47,-1.05,-0.04,261.47,-35.22,-18.92
50,-0.33,-0.96,-0.14,268.37,-13.43,-24.54
51,-0.28,-0.83,-0.13,263.06,19.9,-29.72
52,-0.31,-0.81,-0.15,263.98,58.47,-29.97
53,-0.41,-0.96,-0.17,280.46,101.07,-26.92
54,-0.26,-1.11,-0.03,304.08,145.69,-23.68
55,0.08,-0.71,0.53,321.47,184.2,-18.74
56,-0.08,0.49,0.61,278.5,204.83,-4.09
57,-0.74,0.83,-0.11,156.43,216.19,37.72
58,-1.7,0.27,-0.63,24.29,236.63,94.54
59,-1.74,-1.74,-0.01,-16.6,255.74,128.48
60,-0.83,-0.97,0.82,44.01,238.1,101.07
61,-0.44,-0.63,0.77,0.18,164.73,74.28
62,-0.5,-0.38,0.46,-51.15,76.42,71.47
63,-0.51,0.02,0.44,-62.38,10.86,80.02
64,-0.53,0.78,0.05,-47.85,-23.8,111.27
65,-0.68,-0.36,0.3,-21.36,-28.81,171.02
66,-0.97,-0.18,0.52,24.66,-26.31,201.97
67,-0.86,0.32,0.42,59.2,-21,208.13
68,-0.93,0.4,0.64,56.09,-2.56,210.51
69,-0.78,-0.51,1.04,28.63,9.52,200.26
70,-0.3,-0.16,0.95,28.44,9.03,168.4
71,-0.08,0.09,0.44,34,10.68,140.26
72,0.02,0.1,-0.03,26.37,24.84,115.3
73,0.08,0.21,-0.18,25.33,49.8,81.36
74,0.22,0.29,-0.12,21.67,77.03,33.63
75,0.43,0.29,-0.05,29.42,91.61,-24.96
76,0.52,0.42,-0.1,38.27,90.33,-91.67
77,0.8,0.79,-0.27,25.15,79.16,-157.47
78,0.96,0.66,-0.5,-40.83,67.32,-212.34
79,0.97,0.25,-0.47,-122.68,59.51,-271.55
80,0.97,-0.03,-0.26,-176.39,47.91,-348.14
81,0.94,-0.09,-0.13,-218.75,25.88,-435.18
82,0.97,0.14,-0.36,-263.43,-1.83,-514.89
83,1.04,0.05,-0.51,-280.4,-18.37,-563.96
84,0.93,-0.33,-0.33,-256.9,-24.72,-587.71
85,0.81,-0.67,-0.13,-244.32,-38.82,-611.69
86,0.69,-1.07,-0.08,-245.36,-60,-634.77
87,0.43,-1.64,0.07,-237.92,-77.51,-645.02
88,0.32,-2.18,0.25,-231.63,-87.95,-640.5
89,0.37,-2.53,-0.19,-194.52,-81.6,-604.68
90,0.34,-2.89,-0.62,-76.78,-48.03,-507.93
91,0.23,-3.63,-0.9,29.85,-0.67,-363.04
92,0.22,-4,-1.13,51.39,47.49,-225.89
93,0,-4,-1.03,13.55,87.46,-133.48
94,-0.29,-4,-1.05,-35.16,100.71,-73.3
95,-0.49,-3.74,-1.02,-63.48,90.58,-18.37
96,-0.61,-3.26,-0.93,-60.12,65.31,36.13
97,-0.74,-2.94,-0.74,-24.6,30.09,89.42
98,-0.72,-2.58,-0.69,19.84,-6.23,135.74
99,-0.7,-2.26,-0.62,60.67,-27.16,178.89
100,-0.68,-2,-0.39,94.24,-32.84,218.81
101,-0.63,-1.79,-0.24,119.93,-33.69,248.66
102,-0.53,-1.54,-0.27,146,-29.72,267.27
103,-0.39,-1.32,-0.39,164.43,-15.63,281.07
104,-0.15,-1.12,-0.55,159.42,4.52,287.23
105,0.19,-0.96,-0.94,140.81,24.29,282.35
106,0.46,-0.84,-1.34,126.1,41.32,271.61
107,0.59,-1.07,-1.57,110.29,41.75,260.13
108,0.79,-1.07,-1.33,114.01,6.65,242.55
109,0.95,-0.63,-1,137.51,-75.99,230.04
110,0.9,-0.64,-0.9,160.52,-192.44,237.49
111,0.93,-0.82,-0.83,203,-310.06,248.54
112,1.01,-0.68,-0.69,259.34,-404.54,249.76
113,1,-0.5,-0.54,289.25,-472.53,247.07
114,0.88,-0.32,-0.27,285.1,-515.62,247.92
115,0.77,-0.15,0.05,277.16,-535.52,256.23
116,0.61,0.05,0.49,284.79,-534.42,273.38
117,0.48,0.37,0.89,305.73,-517.58,295.35
118,0.47,0.52,0.82,323.67,-478.39,315.25
119,0.52,0.69,1.19,297.85,-404.42,309.75
120,0.63,0.77,1.54,259.4,-318.05,273.93
121,0.51,1,1.91,220.89,-239.44,214.05
122,0.53,1.15,2.06,165.71,-183.11,148.5
123,0.51,1.22,2.2,111.69,-142.82,91.37
124,0.47,1.26,2.35,68.6,-111.63,49.38
125,0.55,1.24,2.37,35.95,-83.37,18.86
126,0.66,1.16,2.36,-2.44,-47.61,-13.18
127,0.71,1.09,2.35,-39.86,-5.49,-50.84
128,0.75,1,2.23,-66.1,38.15,-87.65
129,0.79,0.85,2.15,-72.81,82.21,-116.94
130,0.83,0.74,2.02,-77.51,120.85,-139.71
131,0.84,0.65,1.92,-79.83,152.16,-158.39
132,0.85,0.63,1.82,-80.14,173.83,-175.78
133,0.89,0.51,1.68,-83.56,187.44,-193.36
134,0.88,0.44,1.59,-89.6,199.28,-212.16
135,0.91,0.39,1.49,-90.82,211.73,-227.48
136,0.91,0.38,1.35,-92.83,227.36,-239.07
137,0.95,0.31,1.2,-92.96,246.22,-244.75
138,0.86,0.21,1.05,-92.47,265.01,-247.01
139,0.76,0.08,1.01,-82.82,279.79,-245.24
140,0.7,-0.02,0.94,-63.54,285.52,-243.96
141,0.56,-0.13,0.79,-48.4,283.14,-244.93
142,0.42,-0.28,0.65,-36.13,277.77,-245.54
143,0.34,-0.44,0.5,-37.96,270.81,-248.96
144,0.29,-0.58,0.27,-52.86,266.66,-256.04
145,0.28,-0.71,0.05,-79.59,268.19,-267.52
146,0.35,-0.91,-0.09,-116.64,272.52,-284.85
147,0.49,-1.2,-0.31,-147.03,277.22,-305.97
148,0.55,-1.5,-0.6,-140.87,285.71,-321.11
149,0.57,-1.94,-0.8,-97.35,295.9,-316.1
150,0.68,-2.26,-1,-70.62,295.65,-294.43
151,0.78,-2.55,-1.2,-102.36,281.25,-264.34
152,0.88,-2.79,-1.35,-166.2,257.2,-235.47
153,0.92,-2.99,-1.55,-196.17,227.42,-211.61
154,0.81,-3.16,-1.5,-133.85,192.2,-168.64
155,0.71,-3.32,-1.37,-41.56,142.88,-89.54
156,0.57,-3.39,-1.34,17.21,84.84,15.99
157,0.29,-3.41,-1.24,54.81,37.23,127.32
158,0.04,-3.3,-0.94,71.84,6.23,217.59
159,-0.16,-3.04,-0.59,63.84,-13.18,279.54
160,-0.3,-2.73,-0.26,33.81,-24.17,318.79
161,-0.41,-2.42,-0.05,3.6,-26,340.03
162,-0.44,-2.08,0.1,-4.76,-14.83,353.33
163,-0.46,-1.76,0.32,3.42,8.54,372.38
164,-0.42,-1.38,0.4,-0.98,36.25,394.17
165,-0.36,-1.09,0.41,-22.4,64.58,414.49
166,-0.31,-0.81,0.45,-41.26,90.76,426.15
167,-0.23,-0.56,0.48,-51.03,110.41,425.6
168,-0.15,-0.34,0.38,-61.58,121.09,414.18
169,-0.1,-0.17,0.28,-75.13,125.06,394.9
170,-0.02,0.01,0.2,-88.26,123.84,371.83
171,0.04,0.16,0.11,-96.74,118.35,348.21
172,0.1,0.29,0.05,-95.09,110.23,325.2
173,0.14,0.38,0.03,-84.41,99.55,301.09
174,0.24,0.5,-0.03,-75.93,85.08,273.8
175,0.36,0.63,-0.11,-84.72,68.85,241.21
176,0.51,0.76,-0.21,-111.08,54.75,201.78
177,0.69,0.89,-0.32,-144.04,44.49,155.64
178,0.82,1.02,-0.39,-174.62,36.19,104.55
179,0.95,1.14,-0.43,-195.37,26.43,48.1
180,1.02,1.21,-0.43,-200.44,12.08,-14.65
181,1.11,1.2,-0.36,-189.64,-8.36,-82.46
182,1.21,1.17,-0.29,-178.16,-35.77,-155.15
183,1.24,1.14,-0.23,-185.18,-66.53,-233.28
184,1.27,1.12,-0.09,-200.32,-94.6,-313.78
185,1.27,1.04,0.12,-199.04,-118.84,-389.77
186,1.22,0.89,0.4,-176.03,-141.78,-453.43
187,1.15,0.71,0.6,-153.2,-164.55,-502.99
188,1.05,0.48,0.8,-132.51,-180.36,-539.18
189,0.94,0.29,0.99,-106.75,-184.08,-559.39
190,0.87,0.09,1.02,-81.48,-172.91,-561.83
191,0.84,-0.28,0.98,-60.42,-142.4,-554.2
192,0.73,-0.94,1.08,-46.33,-98.08,-551.39
193,0.7,-1.59,1.11,-43.58,-59.69,-566.35
194,0.67,-2.31,0.89,-41.32,-34.73,-589.66
195,0.54,-2.91,0.8,-3.17,-22.64,-597.11
196,0.37,-3.56,0.97,61.46,-35.34,-567.38
197,0.29,-4,0.93,110.53,-73.3,-500.98
198,0.26,-3.88,0.59,120.91,-102.29,-398.86
199,0.2,-3.78,0.1,112.12,-87.46,-268.55
200,-0.13,-4,0.49,131.53,-38.7,-150.88
201,-0.26,-4,0.52,151.25,-9.28,-90.76
202,-0.49,-3.88,0.24,144.23,-2.32,-49.26
203,-0.79,-3.79,0.34,144.84,-0.24,2.32
204,-0.92,-3.51,0.32,145.69,-14.77,50.66
205,-1.05,-3.2,0.19,144.96,-41.02,90.76
206,-1.13,-2.88,0.27,150.45,-65,124.57
207,-1.1,-2.71,0.42,155.52,-87.77,152.95
208,-1.01,-2.55,0.39,161.19,-104.98,171.94
209,-0.89,-2.47,0.41,179.02,-103.15,187.38
210,-0.75,-2.54,0.41,190.92,-83.92,204.41
211,-0.62,-2.54,0.48,189.27,-53.34,225.95
212,-0.47,-2.52,0.56,172.42,-21,251.95
213,-0.31,-2.46,0.63,137.27,3.42,276.37
214,-0.08,-2.31,0.69,97.35,15.93,294.62
215,0.09,-2.12,0.74,69.46,17.7,311.4
216,0.25,-1.86,0.75,65.55,11.47,329.22
217,0.39,-1.59,0.72,77.27,3.54,345.09
218,0.52,-1.29,0.7,95.34,-0.92,357.97
219,0.61,-1.06,0.7,113.16,-0.92,366.09
220,0.69,-0.84,0.65,125.12,3.72,363.77
221,0.74,-0.63,0.62,133.18,13.85,352.48
222,0.75,-0.44,0.61,131.04,27.1,335.27
223,0.76,-0.27,0.6,113.16,39.61,312.87
224,0.79,-0.1,0.6,87.65,49.26,288.27
225,0.83,0.05,0.58,59.27,55.97,263.85
226,0.85,0.17,0.55,31.19,59.63,241.03
227,0.87,0.31,0.53,10.07,60.49,219.48
228,0.88,0.45,0.5,-1.59,59.81,200.93
229,0.87,0.6,0.49,-0.31,58.04,185.67
230,0.87,0.76,0.51,14.59,54.02,172.06
231,0.88,0.92,0.51,36.5,47.49,158.69
232,0.88,1.07,0.46,53.34,38.88,142.7
233,0.88,1.16,0.38,58.53,30.82,121.15
234,0.85,1.23,0.31,52.8,23.86,91.25
235,0.81,1.3,0.26,40.71,17.03,53.41
236,0.75,1.32,0.24,26.31,9.83,10.99
237,0.74,1.34,0.24,9.16,1.65,-33.94
238,0.72,1.33,0.21,-6.84,-6.9,-78.25
239,0.71,1.3,0.23,-18.74,-14.89,-120.73
240,0.72,1.25,0.26,-26.25,-22.95,-161.07
241,0.74,1.18,0.31,-27.04,-32.1,-198.49
242,0.79,1.07,0.34,-20.63,-41.93,-233.58
243,0.85,0.95,0.38,-7.26,-51.57,-266.78
244,0.9,0.8,0.42,9.09,-61.1,-298.4
245,0.97,0.63,0.46,26.49,-70.13,-328.25
246,0.96,0.38,0.45,42.36,-78.86,-355.96
247,0.96,0.12,0.43,45.78,-86.18,-384.34
248,0.98,-0.25,0.44,31.56,-91.43,-414.06
249,0.94,-0.6,0.46,2.2,-95.4,-445.92
250,0.95,-0.85,0.46,-41.32,-97.47,-473.51
251,0.94,-1.01,0.42,-89.72,-94.79,-487.67
252,0.86,-1.3,0.41,-98.39,-86.98,-482.3
253,0.82,-1.74,0.55,-50.23,-83.07,-463.75
254,0.85,-2.26,0.76,2.32,-94.12,-445.98
255,0.74,-2.96,1,18.01,-117.19,-434.69
256,0.69,-3.35,1.18,-10.31,-139.59,-424.8
257,0.76,-3.51,1.11,-82.58,-140.75,-403.08
258,0.71,-3.74,1.03,-107.54,-108.22,-352.54
259,0.45,-4,1.46,-57.92,-62.56,-275.39
260,0.35,-4,1.34,10.74,-34.42,-193.18
261,0.04,-4,1.49,69.82,-10.5,-113.59
262,-0.18,-3.91,1.56,65.86,0.98,-44.49
263,-0.35,-3.52,1.45,11.35,-1.83,8.79
264,-0.53,-3.04,1.4,-33.57,-3.54,50.17
265,-0.64,-2.6,1.36,-47.85,-1.22,84.41
266,-0.66,-2.32,1.34,-40.34,5.19,110.35
267,-0.62,-2.14,1.47,-25.94,14.4,125.79
268,-0.53,-2.01,1.58,-16.42,23.07,136.11
269,-0.39,-1.96,1.72,-14.28,34.3,148.86
270,-0.27,-1.88,1.82,-18.01,49.44,165.1
271,-0.19,-1.8,1.81,-31.49,69.64,187.13
272,-0.07,-1.74,1.77,-48.34,99.18,215.88
273,0.07,-1.64,1.72,-69.52,138.67,246.28
274,0.17,-1.47,1.66,-98.75,181.09,273.07
275,0.25,-1.31,1.6,-129.15,216.19,291.69
276,0.26,-1.17,1.55,-138.85,241.09,299.99
277,0.3,-0.93,1.4,-125,261.29,302.98
278,0.31,-0.73,1.3,-106.87,285.28,312.81
279,0.36,-0.55,1.2,-95.34,313.23,331.79
280,0.37,-0.4,1.1,-89.23,342.71,353.15
281,0.53,-0.32,0.96,-82.52,370.79,369.57
282,0.62,-0.27,0.92,-78.74,394.23,376.04
283,0.72,-0.12,0.82,-79.77,408.08,373.05
284,0.77,-0.06,0.69,-93.93,414.25,364.01
285,0.73,0.01,0.58,-117.98,412.78,347.41
286,0.69,0.11,0.48,-131.23,403.14,325.81
287,0.65,0.19,0.41,-133.12,384.77,302.61
288,0.6,0.32,0.27,-123.72,360.78,278.32
289,0.54,0.44,0.07,-99.55,340.21,254.76
290,0.51,0.57,-0.04,-66.96,326.29,231.14
291,0.47,0.59,-0.19,-44.37,310.97,204.65
292,0.42,0.52,-0.36,-38.21,289.79,171.69
293,0.39,0.46,-0.48,-33.57,264.28,130.13
294,0.41,0.52,-0.59,-25.63,236.02,82.21
295,0.37,0.52,-0.69,-19.84,205.69,36.68
296,0.36,0.51,-0.81,-15.2,173.22,-4.76
297,0.33,0.45,-0.93,-4.15,140.93,-40.89
298,0.25,0.37,-1.02,12.15,109.74,-71.59
299,0.24,0.25,-1.15,19.04,79.28,-101.38
300,0.18,0.13,-1.25,17.94,51.7,-127.08
301,0.12,0,-1.24,16.66,24.29,-142.52
302,0.09,-0.15,-1.24,12.57,-7.63,-150.63
303,0.08,-0.23,-1.23,9.83,-44.37,-156.56
304,0.11,-0.23,-1.22,12.33,-83.37,-158.69
305,0.18,-0.24,-1.19,15.44,-122.31,-155.94
306,0.25,-0.28,-1.1,14.95,-161.62,-153.08
307,0.35,-0.26,-1.08,13.67,-202.45,-155.21
308,0.48,-0.27,-1.08,9.7,-239.32,-162.35
309,0.57,-0.34,-0.95,-1.53,-272.34,-176.94
310,0.56,-0.33,-0.85,-17.88,-309.63,-202.7
311,0.59,-0.29,-0.69,-30.27,-351.68,-234.68
312,0.66,-0.27,-0.46,-25.39,-395.51,-266.17
313,0.67,-0.31,-0.23,9.16,-442.26,-295.04
314,0.75,-0.44,-0.01,64.88,-490.84,-320.31
315,0.88,-0.59,0.23,105.71,-537.11,-344.18
316,0.86,-0.89,0.54,116.33,-576.23,-369.26
317,0.76,-1.26,0.97,114.87,-607.42,-393.68
318,0.62,-1.17,1.09,122.74,-628.05,-401.79
319,0.76,-1.57,1.27,104.06,-625.43,-385.25
320,0.5,-1.64,1.7,80.08,-593.57,-353.52
321,0.35,-1.36,1.47,96.62,-529.79,-274.84
322,0.38,-1.78,1.74,101.75,-422.49,-156.8
323,0.09,-2.14,2.09,100.22,-319.46,-75.93
324,0.01,-2.34,2.06,79.53,-260.13,-52.67
325,0,-2.28,1.91,22.28,-232.73,-70.8
326,-0.03,-2.15,1.87,-45.1,-219.85,-92.35
327,-0.16,-2.2,1.94,-79.22,-219.91,-98.27
328,-0.26,-2.07,1.95,-66.89,-226.44,-83.98
329,-0.21,-1.88,1.91,-25.57,-217.16,-36.62
330,-0.2,-1.83,1.97,2.99,-183.9,26.61
331,-0.24,-1.78,2.05,11.05,-142.09,70.98
332,-0.24,-1.57,2.09,11.47,-102.84,92.16
333,-0.18,-1.37,2.1,12.45,-65.73,102.72
334,-0.15,-1.21,2.1,17.03,-31.13,106.32
335,-0.13,-1.08,2.11,32.17,-2.5,105.35
336,-0.08,-0.94,2.08,55.79,18.74,104.31
337,-0.01,-0.85,2.04,77.76,37.23,104.37
338,0.05,-0.74,1.99,95.03,57.62,103.27
339,0.13,-0.62,1.87,99.91,81.42,100.28
340,0.18,-0.55,1.78,78.49,109.19,92.71
341,0.2,-0.45,1.71,38.7,136.23,77.94
342,0.26,-0.33,1.59,-6.23,160.89,55.66
343,0.32,-0.2,1.48,-39.98,185.06,28.87
344,0.32,-0.12,1.42,-57.43,207.46,1.53
345,0.33,-0.03,1.27,-56.95,227.17,-23.62
346,0.32,-0.01,1.15,-41.08,247.38,-43.95
347,0.31,0.05,1.07,-28.93,265.99,-61.04
348,0.29,0.07,0.97,-36.44,279.79,-75.32
349,0.28,0.1,0.88,-51.39,290.95,-89.36
350,0.23,0.11,0.88,-63.78,299.74,-104
351,0.18,0.12,0.85,-65.86,304.02,-118.1
352,0.09,0.03,0.79,-56.34,307.19,-130.07
353,0.05,-0.12,0.64,-49.44,314.21,-140.81
354,0.1,-0.34,0.57,-54.63,329.16,-151.61
355,0.12,-0.58,0.52,-80.57,349.79,-164.67
356,0.29,-0.87,0.49,-115.48,373.96,-179.14
357,0.53,-1.25,0.37,-136.6,401.98,-192.87
358,0.72,-1.63,0.15,-123.72,434.33,-195.98
359,0.79,-2.13,-0.04,-88.32,469.91,-173.95
360,0.76,-2.38,-0.22,-69.76,502.32,-132.02
361,1.21,-2.31,-0.26,-115.91,524.54,-80.2
362,1.32,-2.28,-0.2,-213.81,525.88,-15.63
363,1.29,-2.22,-0.25,-305.42,494.26,56.58
364,1.29,-1.96,-0.39,-347.11,434.88,126.89
365,1.26,-1.76,-0.65,-329.1,361.45,194.52
366,1.19,-1.45,-0.8,-261.05,288.94,257.75
367,1.12,-1.22,-0.84,-181.34,224.18,315.86
368,1.06,-1.07,-0.9,-131.65,164.25,360.66
369,0.94,-0.88,-0.92,-108.34,108.34,386.05
370,0.81,-0.69,-0.92,-90.21,55.97,395.63
371,0.71,-0.5,-0.85,-68.79,7.02,392.82
372,0.62,-0.33,-0.8,-48.89,-38.51,380.31
373,0.54,-0.21,-0.76,-34.06,-77.94,359.8
374,0.47,-0.08,-0.71,-26.06,-109.62,333.13
375,0.42,0.03,-0.68,-23.13,-133.36,304.81
376,0.39,0.17,-0.64,-25.57,-150.7,275.21
377,0.42,0.41,-0.59,-36.87,-164.18,246.28
378,0.32,0.54,-0.5,-51.82,-176.64,221.25
379,0.2,0.57,-0.34,-46.57,-191.04,199.4
380,0.17,0.66,-0.19,-17.76,-209.11,179.14
381,0.21,0.85,-0.13,12.88,-228.33,160.71
382,0.19,0.91,-0.15,27.65,-244.87,142.03
383,0.2,0.77,-0.18,27.71,-256.96,111.33
384,0.28,0.73,-0.23,11.96,-266.72,56.64
385,0.35,0.68,-0.26,-16.72,-277.71,-20.87
386,0.41,0.7,-0.28,-32.9,-291.44,-112.3
387,0.53,0.54,-0.13,-27.34,-307.74,-207.46
388,0.59,0.45,0.07,-23.99,-329.47,-302.31
389,0.62,0.44,0.29,-43.21,-355.1,-386.35
390,0.56,0.23,0.57,-62.81,-381.53,-450.13
391,0.54,-0.09,1.07,-58.17,-408.51,-495.3
392,0.43,-0.07,1.43,-38.76,-437.19,-525.39
393,0.27,-0.36,1.77,-32.71,-460.21,-539.12
394,-0.04,-0.34,1.31,-36.07,-458.8,-532.17
395,0.2,-0.62,1.25,-59.63,-396.55,-496.52
396,0.53,-1.15,1.78,-110.78,-284.12,-456.12
397,0.45,-1.82,2.28,-181.21,-177.12,-439.51
398,0.41,-2.41,2.32,-207.7,-105.29,-435.61
399,0.42,-2.54,2.05,-162.72,-49.99,-414.79
400,0.57,-2.61,1.69,-95.34,13.73,-351.2
401,0.55,-2.85,1.49,-13.12,86.06,-252.44
402,0.51,-3.03,1.3,50.78,146.12,-161.25
403,0.37,-3.03,1.01,62.74,182.07,-105.83
404,0.21,-2.85,0.68,47.24,197.08,-75.56
405,0.1,-2.61,0.42,27.47,195.98,-53.1
406,0.01,-2.38,0.2,12.21,181.88,-30.27
407,-0.06,-2.29,-0.02,14.1,158.63,-5.86
408,-0.12,-2.15,-0.16,33.2,132.45,17.03
409,-0.1,-2.06,-0.33,53.34,106.14,40.22
410,-0.08,-2.07,-0.41,67.81,81.48,63.96
411,-0.04,-2.03,-0.49,77.64,58.53,81.97
412,-0.02,-2.01,-0.58,87.22,38.51,97.66
413,-0.01,-2,-0.56,99.49,21.55,117
414,0.05,-2.04,-0.47,101.93,1.89,138.73
415,0.12,-2.06,-0.42,89.66,-23.74,156.43
416,0.17,-2.01,-0.37,68.97,-53.41,168.4
417,0.21,-1.97,-0.27,50.11,-84.78,179.2
418,0.25,-1.88,-0.18,41.26,-114.62,190.8
419,0.31,-1.77,-0.08,43.15,-137.82,206.54
420,0.38,-1.69,0.08,52.31,-153.56,228.33
421,0.42,-1.66,0.31,65.25,-164.67,254.58
422,0.48,-1.54,0.56,80.2,-174.44,281.86
423,0.55,-1.39,0.7,91.74,-181.4,310.61
424,0.66,-1.07,0.79,96.98,-179.26,339.84
425,0.61,-0.88,0.97,101.32,-169.8,364.5
426,0.55,-0.67,1.09,113.71,-160.89,374.57
427,0.57,-0.45,1.14,119.26,-150.51,371.46
428,0.55,-0.3,1.1,106.93,-132.81,361.33
429,0.55,-0.12,1.08,86.36,-106.69,348.08
430,0.55,0.13,1.14,66.65,-76.9,337.34
431,0.47,0.23,1.21,51.51,-53.04,327.09
432,0.48,0.41,1.21,43.82,-39.55,310.36
433,0.46,0.7,1.15,35.1,-32.9,291.81
434,0.38,0.77,1.17,25.57,-30.58,272.46
435,0.32,0.89,1.11,18.62,-33.14,242.61
436,0.32,1,1,10.25,-33.33,204.41
437,0.31,1.14,0.92,-0.73,-26.12,163.57
438,0.28,1.23,0.93,-10.25,-13.73,126.04
439,0.22,1.27,0.92,-13.31,-2.38,91.61
440,0.21,1.32,0.89,-9.34,6.23,59.45
441,0.2,1.36,0.87,-0.06,12.57,29.97
442,0.2,1.38,0.86,9.58,15.14,3.3
443,0.18,1.31,0.86,19.41,13.24,-23.8
444,0.2,1.24,0.91,33.39,6.77,-53.71
445,0.21,1.15,0.94,49.38,-4.15,-85.08
446,0.22,1.05,0.98,64.82,-16.72,-115.42
447,0.21,0.91,1.01,75.5,-27.71,-143.13
448,0.19,0.76,1.03,79.35,-32.96,-168.88
449,0.17,0.55,1.1,75.74,-31.49,-193.48
450,0.12,0.31,1.2,65.8,-27.16,-217.59
451,0.08,0.08,1.29,52.06,-23.38,-239.26
452,0.02,-0.11,1.38,37.84,-20.39,-254.64
453,-0.04,-0.35,1.43,23.01,-16.05,-262.02
454,-0.13,-0.64,1.47,11.41,-6.71,-263.37
455,-0.22,-0.98,1.56,4.52,7.32,-259.4
456,-0.29,-1.4,1.66,-5.98,22.52,-251.53
457,-0.32,-1.8,1.72,-27.16,37.78,-244.08
458,-0.38,-2.1,1.69,-37.48,56.34,-234.07
459,-0.46,-2.38,1.71,-11.6,79.35,-210.45
460,-0.5,-2.6,1.69,34.42,103.15,-166.63
461,-0.52,-2.65,1.53,75.32,127.99,-113.4
462,-0.63,-2.58,1.43,109.86,156.07,-56.4
463,-0.69,-2.39,1.34,120.06,181.76,-5.68
464,-0.65,-2.15,1.14,95.09,203.19,31.01
465,-0.58,-1.89,0.95,58.11,224.49,52.67
466,-0.49,-1.6,0.81,23.62,244.69,63.29
467,-0.43,-1.36,0.68,-6.47,259.46,68.54
468,-0.36,-1.16,0.54,-19.84,267.21,73.3
469,-0.28,-0.97,0.44,-8.06,270.32,81.73
470,-0.23,-0.8,0.36,15.75,270.2,95.52
471,-0.19,-0.66,0.27,37.96,267.88,112.49
472,-0.14,-0.54,0.2,50.17,263.43,129.09
473,-0.09,-0.4,0.12,50.29,256.47,142.15
474,-0.07,-0.24,0.04,42.42,247.25,151.12
475,0,-0.07,-0.06,33.26,235.78,155.76
476,0.07,-0.04,-0.24,33.2,222.84,154.17
477,0.03,0.09,-0.22,41.93,208.74,143.25
478,0.02,0.18,-0.3,35.89,186.1,127.32
479,0.13,0.24,-0.38,16.17,158.51,109.56
480,0.23,0.38,-0.5,-2.5,130.25,91.98
481,0.33,0.47,-0.66,-13.92,102.23,74.95
482,0.4,0.52,-0.71,-13.67,73.61,56.21
483,0.51,0.56,-0.72,-7.93,39,33.33
484,0.65,0.67,-0.76,-11.11,-3.42,7.75
485,0.77,0.71,-0.76,-21.61,-50.96,-17.64
486,0.82,0.64,-0.68,-27.47,-103.21,-45.41
487,0.87,0.62,-0.58,-32.04,-160.95,-77.82
488,0.93,0.6,-0.52,-44.74,-219.85,-110.6
489,0.98,0.53,-0.47,-63.96,-274.05,-141.42
490,1,0.5,-0.36,-80.08,-319.64,-171.08
491,1.02,0.51,-0.13,-85.33,-358.03,-197.39
492,0.99,0.53,0.09,-79.35,-394.47,-215.94
493,0.9,0.48,0.32,-60.85,-429.81,-224.06
494,0.78,0.35,0.69,-25.02,-461.24,-223.45
495,0.62,0.32,0.91,19.59,-484.8,-214.48
496,0.72,0.27,0.93,56.52,-486.27,-196.23
497,0.77,-0.06,1.35,86.12,-451.97,-177.43
498,0.74,-0.34,2.13,100.59,-400.15,-173.46
499,0.69,-0.69,2.85,105.77,-358.03,-178.96
500,0.58,-0.87,3.37,126.53,-331.18,-177.06
501,0.35,-1.06,3.66,150.39,-307.25,-159
502,0.27,-1.36,3.97,158.45,-273.86,-137.15
503,0.07,-1.53,4,138.06,-231.63,-122.92
504,-0.18,-1.54,4,93.87,-183.04,-120.79
505,-0.33,-1.48,3.75,50.05,-117.92,-122.13
506,-0.6,-1.31,3.88,44.07,-40.65,-116.33
507,-0.73,-1.32,2.96,94.24,19.9,-97.29
508,-0.81,-1.3,2.87,54.38,73.18,-86.98
509,-0.95,-1.25,2.5,6.53,105.16,-74.46
510,-0.91,-1.15,2.18,-12.88,122.44,-60.06
511,-0.9,-1.17,1.96,-9.52,129.94,-44.01
512,-0.81,-1.21,1.81,19.71,129.39,-29.6
513,-0.68,-1.33,1.67,41.5,124.39,-18.49
514,-0.56,-1.44,1.54,51.88,121.03,-6.71
515,-0.43,-1.57,1.4,54.81,122.56,10.07
516,-0.32,-1.67,1.27,45.78,127.81,31.68
517,-0.22,-1.74,1.14,29.24,133.18,57.31
518,-0.11,-1.76,1,10.99,135.31,86
519,0.01,-1.75,0.87,-4.7,133.48,116.7
520,0.14,-1.67,0.77,-15.56,127.5,148.8
521,0.29,-1.52,0.71,-21.36,115.3,182.01
522,0.42,-1.38,0.67,-23.56,95.95,214.17
523,0.56,-1.24,0.66,-18.43,71.47,241.58
524,0.7,-1.09,0.63,-4.7,46.69,263.31
525,0.83,-0.91,0.57,7.26,26.98,281.74
526,0.92,-0.75,0.55,10.56,13.85,299.01
527,1.02,-0.6,0.55,8.48,4.39,312.01
528,1.06,-0.39,0.51,4.39,-3.66,317.69
529,1.05,-0.07,0.52,-2.2,-9.83,319.4
530,1.04,0.3,0.56,-10.99,-15.08,321.59
531,1.03,0.69,0.6,-18.13,-21.42,323.18
532,1.03,1.06,0.68,-19.65,-28.87,319.7
533,1.02,1.48,0.7,-12.57,-37.54,307.13
534,1.03,1.91,0.73,-1.77,-44.19,285.58
535,1.04,2.11,0.8,6.77,-46.33,258
536,1.07,2.29,0.76,18.92,-45.59,220.03
537,1.07,2.44,0.78,27.1,-39.49,172.67
538,1.08,2.38,0.83,9.52,-31.98,114.69
539,1.12,2.37,0.7,-16.66,-25.39,48.16
540,1.14,2.37,0.68,-37.11,-13,-17.4
541,1.06,2.36,0.72,-52.31,1.22,-73.12
542,1.03,2.2,0.76,-60.91,9.83,-116.64
543,1.02,2.03,0.75,-57.68,10.19,-155.15
544,1,1.79,0.76,-45.47,6.41,-191.22
545,0.96,1.57,0.79,-27.34,-0.24,-225.28
546,0.94,1.35,0.84,-6.59,-8.91,-255.68
547,0.92,1.11,0.93,12.63,-18.8,-279.79
548,0.86,0.86,1.02,29.05,-30.09,-297.67
549,0.8,0.6,1.06,43.09,-41.26,-311.22
550,0.78,0.32,1.1,54.14,-47.79,-323.67
551,0.8,0.05,1.21,58.35,-49.8,-336.49
552,0.78,-0.25,1.28,58.47,-50.11,-347.23
553,0.68,-0.62,1.32,66.77,-49.38,-352.36
554,0.49,-0.79,1.35,75.74,-50.42,-354.19
555,0.49,-1.04,1.24,68.6,-50.84,-349.18
556,0.43,-1.34,1.27,61.28,-40.41,-335.63
557,0.36,-1.58,1.31,52.98,-28.02,-322.45
558,0.32,-1.82,1.24,41.02,-19.1,-310.79
559,0.27,-1.97,1.18,25.09,-9.46,-300.35
560,0.19,-2.11,1.15,3.42,0.61,-286.38
561,0.15,-2.24,1.09,-24.72,7.63,-267.52
562,0.09,-2.29,0.99,-53.04,13.79,-243.41
563,0.03,-2.4,0.94,-74.1,20.45,-209.41
564,-0.03,-2.46,0.84,-85.02,24.48,-167.72
565,-0.05,-2.48,0.76,-84.23,26.25,-123.78
566,-0.08,-2.48,0.71,-71.66,25.63,-78.67
567,-0.12,-2.44,0.69,-55.85,22.16,-35.64
568,-0.06,-2.38,0.68,-45.23,16.11,7.39
569,-0.04,-2.27,0.71,-40.77,7.57,51.27
570,0.03,-2.12,0.74,-39.92,-3.17,94.73
571,0.09,-1.97,0.78,-38.82,-13.98,134.95
572,0.18,-1.81,0.83,-31.8,-23.93,169.98
573,0.25,-1.67,0.9,-20.57,-31.98,201.97
574,0.36,-1.48,0.93,-9.46,-36.19,232.85
575,0.48,-1.31,1,0.43,-34.85,264.71
576,0.59,-1.16,1.07,3.97,-29.91,292.66
577,0.69,-0.95,1.13,4.58,-25.76,313.72
578,0.76,-0.66,1.21,8.36,-23.86,333.68
579,0.82,-0.26,1.29,11.96,-25.15,357.73
580,0.86,0.08,1.35,11.29,-29.05,382.51
581,0.88,0.42,1.35,11.35,-33.14,394.65
582,0.91,0.75,1.36,13.55,-34.3,389.83
583,0.85,1.21,1.38,15.14,-31.98,373.29
584,0.76,1.84,1.47,14.71,-28.99,356.93
585,0.71,2.19,1.52,6.41,-29.79,343.69
586,0.74,2.4,1.48,-2.99,-32.1,315
587,0.67,2.64,1.43,-8.54,-30.09,265.14
588,0.83,2.8,1.32,-11.9,-22.09,206.79
589,0.86,2.6,1.31,-28.56,-9.95,139.34
590,0.81,2.69,1.27,-42.97,1.59,60
591,0.79,2.61,1.14,-45.72,13.24,-6.96
592,0.77,2.47,1.08,-40.77,26.92,-55.66
593,0.78,2.24,1.03,-33.08,36.99,-92.9
594,0.78,2.04,0.95,-28.81,40.34,-127.38
595,0.79,1.84,0.9,-24.35,39.12,-160.83
596,0.78,1.64,0.89,-17.46,34,-191.16
597,0.76,1.44,0.9,-5.49,24.96,-217.53
598,0.82,1.24,0.86,9.22,13.06,-239.5
599,0.73,1.01,1.05,24.23,-0.43,-258.12
600,0.77,0.79,1.05,38.7,-19.04,-274.6
601,0.73,0.59,1.11,61.83,-32.17,-284.97
602,0.7,0.35,1.2,82.4,-38.39,-289.25
603,0.69,0.08,1.26,90.52,-40.28,-291.75
604,0.63,-0.16,1.29,86,-36.5,-295.47
605,0.55,-0.44,1.3,73.85,-26.37,-298.58
606,0.48,-0.78,1.36,60.61,-11.6,-300.48
607,0.35,-1.17,1.45,50.72,2.75,-301.51
608,0.26,-1.65,1.55,39.61,12.45,-301.21
609,0.14,-1.88,1.6,22.64,18.01,-297.73
610,0.08,-2.25,1.7,9.7,24.9,-275.33
611,-0.02,-2.44,1.83,1.95,33.51,-236.69
612,-0.07,-2.57,1.91,-9.22,40.53,-187.87
613,-0.15,-2.54,1.88,-24.23,50.11,-135.31
614,-0.18,-2.44,1.79,-38.45,69.27,-83.5
615,-0.25,-2.36,1.78,-48.16,98.69,-38.09
616,-0.24,-2.13,1.67,-57.98,131.41,-2.69
617,-0.19,-1.93,1.58,-83.44,167.18,26.06
618,-0.16,-1.69,1.57,-118.65,200.81,49.13
619,-0.13,-1.41,1.43,-148.07,226.26,71.04
620,-0.09,-1.19,1.29,-166.81,250.24,92.41
621,-0.08,-1.01,1.23,-167.79,273.68,110.29
622,-0.03,-0.81,1.13,-154.54,294.01,126.28
623,0.01,-0.64,1.03,-145.87,312.26,141.97
624,0.02,-0.45,0.91,-148.07,327.39,157.53
625,0.07,-0.27,0.83,-153.38,337.04,173.95
626,0.13,-0.08,0.73,-162.48,338.99,187.44
627,0.1,0.14,0.63,-173.95,332.95,197.2
628,0.03,0.28,0.52,-179.44,320.86,205.93
629,0.02,0.36,0.36,-178.96,303.59,212.22
630,0.1,0.51,0.32,-161.32,284.79,211.24
631,0.06,0.61,0.23,-132.39,262.94,202.88
632,0.07,0.61,-0.02,-106.69,238.46,188.35
633,0.13,0.61,-0.17,-82.21,219.12,166.81
634,0.18,0.6,-0.26,-72.2,202.09,139.47
635,0.27,0.58,-0.42,-97.9,179.14,103.15
636,0.27,0.58,-0.58,-150.15,150.76,54.81
637,0.25,0.6,-0.65,-202.7,118.96,-2.32
638,0.28,0.61,-0.65,-244.57,83.13,-63.48
639,0.34,0.63,-0.66,-286.93,46.2,-127.26
640,0.38,0.7,-0.61,-330.93,13.79,-189.27
641,0.4,0.74,-0.54,-363.77,-14.71,-245.91
642,0.4,0.76,-0.44,-376.04,-40.53,-296.33
643,0.42,0.75,-0.32,-372.31,-64.82,-339.9
644,0.41,0.59,-0.2,-353.52,-88.32,-378.66
645,0.4,0.5,-0.08,-321.11,-112.12,-414.92
646,0.41,0.39,0.02,-291.5,-135.99,-446.72
647,0.43,0.25,0.09,-269.71,-156.31,-474.67
648,0.43,0.1,0.2,-247.99,-171.57,-498.66
649,0.5,-0.16,0.27,-230.96,-183.11,-519.71
650,0.53,-0.43,0.32,-230.59,-187.01,-540.1
651,0.55,-0.61,0.29,-250.49,-176.64,-558.96
652,0.58,-0.93,0.31,-273.25,-149.6,-567.14
653,0.67,-1.34,0.33,-281.25,-112.73,-564.33
654,0.76,-1.87,0.33,-264.1,-75.13,-553.1
655,0.89,-2.34,0.16,-200.13,-40.22,-525.02
656,1.03,-2.62,0.14,-87.89,-7.87,-464.29
657,0.86,-3.48,0.05,17.15,10.8,-373.17
658,0.74,-3.82,0.07,60.18,13.12,-292.54
659,0.63,-4,0.03,25.57,6.16,-233.22
660,0.46,-4,-0.1,-46.26,1.22,-188.17
661,0.29,-3.96,-0.2,-106.2,2.69,-152.47
662,0.15,-3.75,-0.31,-133.48,9.46,-112.43
663,0.05,-3.5,-0.42,-125.79,19.71,-61.71
664,-0.03,-3.24,-0.42,-90.64,29.54,-0.37
665,-0.04,-3.06,-0.41,-46.08,31.25,62.01
666,0,-2.91,-0.38,-8.54,24.29,112
667,0.07,-2.78,-0.36,10.99,11.23,145.08
668,0.17,-2.66,-0.34,12.15,-4.7,165.41
669,0.23,-2.49,-0.32,1.65,-20.51,179.99
670,0.29,-2.32,-0.26,-9.16,-34.79,196.17
671,0.38,-2.19,-0.22,-6.65,-46.51,215.58
672,0.42,-1.99,-0.22,5.31,-52.86,237.18
673,0.43,-1.78,-0.15,20.2,-53.1,264.28
674,0.48,-1.64,-0.07,36.01,-51.39,293.7
675,0.53,-1.47,-0.04,53.1,-48.83,318.3
676,0.54,-1.27,-0.02,68.24,-42.42,337.59
677,0.54,-1.06,0.02,73.24,-32.65,352.78
678,0.52,-0.88,0.05,69.7,-23.13,363.65
679,0.5,-0.72,0.06,65.8,-16.36,368.53
680,0.47,-0.55,0.05,63.84,-12.57,367.61
681,0.44,-0.38,0.05,59.63,-11.17,362.43
682,0.38,-0.25,0.03,52.19,-12.15,352.36
683,0.33,-0.1,0.02,39.86,-14.16,335.02
684,0.28,0.08,0.01,19.59,-17.4,310.55
685,0.23,0.25,-0.01,-2.2,-20.81,280.52
686,0.18,0.39,-0.03,-17.52,-23.86,246.89
687,0.13,0.51,-0.02,-23.19,-26.25,211.12
688,0.1,0.59,0.01,-21.06,-27.77,174.56
689,0.06,0.64,0.02,-13.61,-28.56,138.73
690,0.03,0.67,0.03,-3.05,-27.71,104.68
691,0.01,0.72,0.03,5.49,-24.29,74.52
692,-0.01,0.75,0.03,7.57,-19.29,49.8
693,-0.03,0.76,0.04,5.07,-14.16,28.2
694,-0.04,0.74,0.06,3.85,-10.38,5.92
695,-0.03,0.69,0.05,5.43,-8.12,-20.02
696,-0.03,0.66,0.05,7.57,-6.29,-49.07
697,-0.02,0.61,0.06,8.79,-5.07,-78.06
698,-0.01,0.55,0.06,7.26,-4.7,-106.08
699,0,0.48,0.07,2.81,-5.25,-133.61
700,0,0.42,0.08,-2.38,-5.49,-161.07
701,0.01,0.38,0.09,-4.27,-4.39,-186.16
702,0.03,0.32,0.12,0.55,-1.59,-207.82
703,0.05,0.26,0.14,12.39,2.44,-227.05
704,0.08,0.19,0.17,27.28,7.57,-244.32
705,0.11,0.1,0.2,38.39,12.27,-260.01
706,0.18,-0.07,0.27,45.29,15.63,-275.02
707,0.28,-0.34,0.33,49.44,17.33,-292.42
708,0.33,-0.62,0.29,45.17,19.78,-316.53
709,0.33,-0.83,0.21,28.99,27.4,-343.69
710,0.35,-0.92,0.19,4.64,40.47,-363.34
711,0.38,-1.04,0.26,-17.46,52.19,-364.87
712,0.4,-1.4,0.36,-15.38,53.59,-349.24
713,0.57,-1.74,0.44,24.6,42.72,-331.79
714,0.48,-2.29,0.44,88.68,27.89,-313.48
715,0.5,-2.52,0.53,147.4,18.01,-288.51
716,0.56,-2.81,0.57,181.58,15.08,-243.84
717,0.45,-3.05,0.62,195.62,22.58,-185.55
718,0.29,-3.18,0.65,187.74,36.01,-133.24
719,0.16,-3.17,0.67,160.03,48.65,-95.83
720,0.03,-3.08,0.69,126.59,57.19,-68.42
721,-0.07,-2.86,0.68,100.71,60.18,-44.13
722,-0.18,-2.64,0.65,88.93,59.39,-17.09
723,-0.27,-2.43,0.68,103.88,57.25,15.56
724,-0.32,-2.19,0.72,132.69,52,48.95
725,-0.37,-1.93,0.79,159.18,44.68,78.98
726,-0.4,-1.72,0.9,184.39,36.32,102.97
727,-0.41,-1.51,1,212.22,27.59,119.51
728,-0.38,-1.31,1.09,246.09,19.29,131.65
729,-0.36,-1.14,1.16,280.7,14.77,140.32
730,-0.32,-0.98,1.19,305.3,16.48,145.75
731,-0.24,-0.79,1.15,314.76,25.39,145.39
732,-0.22,-0.64,1.1,307.92,43.09,138.85
733,-0.17,-0.52,1.05,291.99,65.55,125.24
734,-0.13,-0.45,1,271.18,87.22,105.53
735,-0.13,-0.37,0.93,252.08,104.74,83.44
736,-0.11,-0.36,0.88,234.5,114.93,64.09
737,-0.08,-0.34,0.8,217.22,117,47.49
738,-0.07,-0.34,0.73,208.56,112.79,34.42
739,-0.06,-0.38,0.69,210.08,103.39,24.17
740,-0.04,-0.41,0.62,206.79,89.42,13.37
741,-0.04,-0.44,0.57,195.01,74.22,2.2
742,-0.03,-0.48,0.52,180.36,59.81,-8
743,-0.03,-0.53,0.47,174.74,48.28,-16.24
744,-0.07,-0.6,0.47,186.1,40.47,-18.49
745,-0.07,-0.72,0.5,190.55,32.53,-16.36
746,-0.1,-0.84,0.46,178.04,23.13,-15.56
747,-0.13,-0.97,0.47,170.1,15.69,-15.01
748,-0.14,-1.12,0.51,162.96,9.46,-14.1
749,-0.16,-1.23,0.52,146.97,2.69,-13
750,-0.16,-1.32,0.57,126.16,-2.99,-9.09
751,-0.14,-1.38,0.63,105.83,-6.65,-0.85
752,-0.14,-1.46,0.66,85.39,-8,10.62
753,-0.12,-1.51,0.7,63.96,-7.26,23.74
754,-0.1,-1.53,0.74,47.12,-3.6,39.12
755,-0.08,-1.54,0.78,36.8,1.65,56.82
756,-0.08,-1.55,0.79,28.14,6.29,75.62
757,-0.07,-1.55,0.8,16.97,8.67,94.24
758,-0.04,-1.51,0.8,2.08,9.09,111.88
759,0,-1.43,0.81,-14.95,8.61,130.43
760,0.04,-1.34,0.84,-28.2,6.59,150.82
761,0.08,-1.25,0.87,-32.04,1.77,171.63
762,0.11,-1.14,0.89,-26.31,-4.03,192.99
763,0.15,-1.01,0.91,-18.49,-8,214.84
764,0.19,-0.84,0.94,-18.55,-10.25,235.6
765,0.22,-0.65,0.98,-25.45,-13,254.52
766,0.25,-0.34,1,-33.39,-17.03,270.69
767,0.27,-0.02,1.04,-39.61,-21,285.4
768,0.3,0.21,1.07,-40.41,-25.63,295.59
769,0.3,0.49,1.06,-33.63,-29.85,295.35
770,0.32,0.82,1.06,-21.97,-30.15,289
771,0.28,1.12,1.08,-8.18,-27.1,282.78
772,0.26,1.32,1.09,3.3,-23.19,273.86
773,0.27,1.58,1.05,7.14,-19.35,257.45
774,0.27,1.69,0.96,1.04,-13.92,236.39
775,0.22,1.9,0.95,-16.91,-9.03,205.69
776,0.26,1.82,0.98,-41.32,-10.5,166.93
777,0.49,1.92,0.86,-57.5,-16.72,120.54
778,0.47,1.91,0.88,-56.52,-19.41,73.85
779,0.44,1.92,0.91,-46.69,-21.24,30.94
780,0.47,1.88,0.9,-35.64,-24.29,-4.88
781,0.49,1.8,0.87,-26.55,-26.25,-33.26
782,0.49,1.69,0.86,-22.34,-27.28,-55.85
783,0.48,1.57,0.86,-22.16,-29.97,-75.26
784,0.47,1.44,0.87,-19.47,-34.06,-93.93
785,0.47,1.33,0.88,-10.74,-38.82,-112.3
786,0.46,1.2,0.9,2.5,-42.79,-128.78
787,0.45,1.08,0.94,17.46,-46.26,-142.76
788,0.45,0.96,1,31.25,-49.44,-155.27
789,0.4,0.81,1.05,38.64,-51.64,-167.79
790,0.42,0.72,1.08,38.57,-52.43,-181.03
791,0.43,0.62,1.09,34.48,-52.12,-192.08
792,0.4,0.52,1.15,34.24,-48.58,-200.99
793,0.39,0.4,1.19,34.73,-45.65,-208.68
794,0.36,0.27,1.21,36.44,-44.13,-216.19
795,0.34,0.13,1.22,37.96,-42.18,-224.12
796,0.32,0,1.23,38.33,-38.82,-231.69
797,0.3,-0.13,1.23,39.18,-34.18,-236.63
798,0.28,-0.28,1.25,40.16,-28.69,-238.59
799,0.26,-0.42,1.26,38.02,-24.05,-237.92
800,0.23,-0.57,1.25,33.63,-20.57,-235.05
801,0.2,-0.71,1.23,31.13,-17.27,-229.8
802,0.14,-0.83,1.22,31.86,-13.85,-221.68
803,0.07,-1,1.19,33.75,-11.47,-210.57
804,0.01,-1.16,1.15,35.64,-9.89,-197.94
805,-0.06,-1.3,1.12,35.22,-8.61,-183.96
806,-0.12,-1.45,1.11,32.96,-8.48,-168.03
807,-0.19,-1.6,1.1,31.25,-10.62,-150.51
808,-0.25,-1.71,1.09,32.59,-14.77,-129.82
809,-0.31,-1.79,1.09,33.75,-19.78,-104.86
810,-0.36,-1.85,1.11,34.24,-24.66,-75.87
811,-0.4,-1.86,1.13,34.55,-28.81,-43.7
812,-0.41,-1.81,1.16,34.24,-30.7,-8.54
813,-0.42,-1.73,1.25,31.01,-29.91,28.5
814,-0.4,-1.56,1.3,28.14,-27.77,64.88
815,-0.39,-1.36,1.38,24.78,-22.89,98.21
816,-0.34,-1.09,1.47,25.15,-16.36,127.26
817,-0.28,-0.81,1.54,27.1,-9.95,151.31
818,-0.23,-0.45,1.66,26.06,-3.78,169.62
819,-0.17,-0.15,1.76,22.46,-0.18,182.86
820,-0.15,0.23,1.73,17.03,2.93,188.9
821,-0.13,0.38,1.88,4.33,8.61,187.26
822,-0.06,0.68,1.82,1.71,14.22,175.66
823,0.02,0.84,1.77,5.92,28.32,162.23
824,0.02,0.85,1.77,6.84,50.48,144.96
825,0.09,0.91,1.71,3.3,73.97,118.84
826,0.13,0.9,1.64,-9.34,98.02,86.36
827,0.15,0.88,1.58,-19.47,121.89,56.15
828,0.2,0.82,1.51,-24.48,142.09,34.18
829,0.22,0.74,1.43,-23.93,157.47,21.79
830,0.21,0.68,1.34,-21.12,167.48,15.32
831,0.19,0.6,1.23,-22.95,173.03,11.6
832,0.18,0.55,1.1,-23.01,176.15,8.61
833,0.16,0.5,0.94,-20.39,178.89,5.55
834,0.16,0.43,0.86,-19.9,181.34,1.59
835,0.14,0.4,0.79,-16.72,180.6,-2.32
836,0.13,0.35,0.72,-14.22,174.38,-3.72
837,0.12,0.32,0.61,-10.8,164.25,-1.95
838,0.1,0.28,0.52,-7.32,152.89,3.17
839,0.08,0.23,0.46,-4.39,141.91,9.03
840,0.02,0.2,0.39,-2.99,130.74,12.57
841,-0.02,0.17,0.28,-5.49,120.36,12.88
842,-0.06,0.15,0.17,-7.57,113.53,10.5
843,-0.09,0.12,0.07,-9.7,109.31,6.84
844,-0.12,0.1,-0.03,-14.34,105.65,2.75
845,-0.13,0.07,-0.16,-22.03,101.62,-1.89
846,-0.14,0.04,-0.3,-31.56,96.8,-7.08
847,-0.16,-0.01,-0.44,-43.4,90.7,-12.02
848,-0.17,-0.04,-0.53,-54.5,81.54,-16.11
849,-0.18,-0.06,-0.63,-62.32,66.65,-18.31
850,-0.21,-0.09,-0.71,-68.42,46.02,-18.74
851,-0.22,-0.09,-0.76,-74.28,20.08,-17.82
852,-0.23,-0.08,-0.82,-80.02,-10.5,-15.44
853,-0.21,-0.04,-0.83,-84.05,-43.09,-12.08
854,-0.17,-0.03,-0.79,-84.17,-76.54,-9.16
855,-0.15,-0.02,-0.72,-79.35,-110.53,-9.16
856,-0.11,-0.01,-0.65,-69.82,-143.07,-11.72
857,-0.08,-0.02,-0.56,-57.31,-171.14,-15.56
858,-0.05,-0.05,-0.45,-45.04,-193.73,-19.23
859,-0.01,-0.06,-0.32,-39.92,-211.67,-22.09
860,0.02,-0.05,-0.18,-41.26,-225.71,-22.95
861,0.1,-0.03,-0.06,-44.98,-236.15,-21.18
862,0.24,-0.03,0.19,-53.16,-242.86,-20.26
863,0.33,-0.04,0.5,-55.36,-251.4,-23.07
864,0.32,-0.01,0.77,-37.54,-265.14,-26.67
865,0.49,-0.04,1.12,-7.69,-278.32,-25.63
866,0.62,-0.07,1.65,21,-288.45,-18.49
867,0.59,-0.03,2.05,36.38,-300.54,-6.04
868,0.57,0.12,2.25,41.26,-305.85,11.35
869,0.56,0.24,2.42,37.84,-291.99,27.77
870,0.48,0.19,2.75,17.09,-250.92,31.74
871,0.5,0.41,2.87,-9.46,-197.51,15.5
872,0.44,0.4,2.69,-6.65,-175.11,-7.87
873,0.37,0.48,2.75,4.03,-140.87,-23.93
874,0.21,0.38,2.74,4.33,-107.85,-33.2
875,0.19,0.39,2.64,-11.35,-82.28,-42.54
876,0.09,0.33,2.48,-25.45,-60.85,-48.34
877,0.02,0.26,2.37,-27.59,-39.43,-52.37
878,-0.02,0.18,2.31,-21.06,-22.95,-57.56
879,-0.11,0.09,2.15,-14.65,-13.67,-63.17
880,-0.18,-0.02,2.01,-6.41,-4.58,-67.02
881,-0.22,-0.16,1.9,1.65,5.74,-68.54
882,-0.27,-0.29,1.79,4.33,14.4,-70.07
883,-0.28,-0.41,1.66,3.3,21.85,-70.62
884,-0.3,-0.53,1.6,3.97,29.05,-67.57
885,-0.29,-0.68,1.55,8.85,33.75,-60.79
886,-0.28,-0.83,1.48,15.56,35.71,-51.45
887,-0.25,-0.94,1.47,24.72,37.23,-39.73
888,-0.23,-1.08,1.4,35.22,39.18,-24.9
889,-0.19,-1.21,1.35,44.07,44.74,-8.91
890,-0.12,-1.3,1.32,47.67,53.59,6.16
891,-0.06,-1.33,1.26,44.13,63.29,23.01
892,0,-1.37,1.2,35.28,72.88,43.27
893,0.07,-1.33,1.15,24.66,80.75,64.51
894,0.15,-1.31,1.09,16.42,85.45,87.34
895,0.22,-1.26,1.04,13.06,86.61,111.02
896,0.3,-1.19,1,12.94,84.96,133.06
897,0.36,-1.12,0.95,13.85,81.18,153.56
898,0.42,-1.03,0.89,17.4,76.97,172.3
899,0.48,-0.95,0.84,21.24,73.67,189.09
900,0.53,-0.85,0.79,21.97,71.78,203.61
901,0.58,-0.75,0.75,21.97,70.31,216.31
902,0.64,-0.65,0.7,26.31,68.91,227.6
903,0.68,-0.51,0.67,36.44,67.75,238.28
904,0.71,-0.37,0.66,45.65,65.67,248.54
905,0.76,-0.19,0.62,48.65,62.26,256.96
906,0.8,0.09,0.61,44.07,58.72,263.31
907,0.82,0.37,0.61,31.13,54.63,269.23
908,0.82,0.66,0.61,10.38,47.67,269.9
909,0.8,0.91,0.59,-10.62,38.09,261.35
910,0.75,1.15,0.62,-20.32,27.4,244.45
911,0.71,1.35,0.62,-16.24,16.78,221.98
912,0.67,1.55,0.66,-5.62,8.48,195.5
913,0.62,1.68,0.67,-0.49,3.05,165.89
914,0.6,1.78,0.68,-5.37,1.77,132.45
915,0.57,1.85,0.7,-15.69,4.27,96.86
916,0.56,1.89,0.72,-28.75,8,61.71
917,0.55,1.88,0.73,-41.69,10.8,28.08
918,0.56,1.83,0.74,-50.11,12.39,-4.21
919,0.56,1.75,0.74,-52,12.45,-35.03
920,0.57,1.63,0.72,-50.29,11.29,-63.48
921,0.56,1.51,0.72,-45.72,9.09,-89.42
922,0.58,1.39,0.71,-40.04,5.86,-112.12
923,0.6,1.24,0.71,-34.55,1.53,-132.08
924,0.61,1.1,0.73,-28.02,-5,-150.63
925,0.62,0.99,0.75,-22.64,-14.65,-166.87
926,0.64,0.88,0.79,-19.04,-25.88,-179.57
927,0.65,0.76,0.85,-14.89,-37.17,-189.82
928,0.66,0.65,0.91,-8.79,-47.97,-198.36
929,0.66,0.54,0.95,-1.4,-56.95,-206.12
930,0.65,0.43,0.99,8.42,-62.19,-212.83
931,0.62,0.33,1.01,14.47,-63.35,-218.63
932,0.59,0.22,1.06,13.55,-61.71,-223.63
933,0.54,0.16,1.11,7.26,-58.9,-226.75
934,0.48,0.1,1.14,0.37,-55.24,-226.07
935,0.44,0.02,1.14,-5.31,-48.46,-223.82
936,0.38,-0.08,1.19,-11.11,-39,-224.18
937,0.31,-0.2,1.29,-14.28,-31.37,-228.52
938,0.26,-0.29,1.38,-7.39,-27.53,-231.45
939,0.24,-0.38,1.48,3.97,-24.6,-228.33
940,0.18,-0.55,1.61,13.61,-20.87,-221.07
941,0.13,-0.74,1.74,18.13,-17.09,-214.78
942,0.12,-0.87,1.87,17.15,-10.99,-207.64
943,0.08,-1.03,2,14.89,-1.59,-195.25
944,0.03,-1.15,2.08,15.01,9.52,-179.26
945,0.01,-1.24,2.12,16.72,23.5,-162.35
946,-0.01,-1.3,2.12,18.13,41.32,-145.02
947,-0.03,-1.32,2.09,21.12,62.87,-127.69
948,-0.05,-1.3,2.02,20.75,85.33,-108.95
949,-0.08,-1.25,1.88,11.66,107.36,-89.42
950,-0.07,-1.16,1.74,-2.14,129.58,-70.37
951,-0.05,-1.08,1.6,-20.57,149.72,-52.92
952,-0.04,-0.97,1.46,-35.03,165.47,-37.9
953,-0.04,-0.87,1.29,-37.35,176.57,-23.99
954,-0.02,-0.77,1.13,-28.02,184.69,-10.56
955,0.01,-0.67,1,-14.65,190.37,1.53
956,0.01,-0.54,0.85,-6.96,192.63,12.02
957,0.02,-0.43,0.66,-6.77,193.24,20.81
958,0.02,-0.29,0.52,-8.61,193.85,27.83
959,0,-0.18,0.39,-12.39,191.71,33.87
960,-0.02,-0.1,0.26,-16.97,185.61,38.02
961,-0.03,0,0.11,-17.82,177.06,39.06
962,-0.05,0.08,-0.03,-16.97,167.42,39.06
963,-0.07,0.14,-0.15,-18.19,155.88,37.54
964,-0.09,0.2,-0.27,-20.57,141.48,34
965,-0.09,0.22,-0.39,-21.55,124.08,29.11
966,-0.11,0.25,-0.48,-21.67,103.45,23.44
967,-0.1,0.27,-0.55,-20.45,78.86,18.07
968,-0.09,0.27,-0.59,-18.62,50.17,13.43
969,-0.09,0.27,-0.63,-18.07,18.01,8.42
970,-0.09,0.31,-0.63,-18.07,-16.24,2.99
971,-0.09,0.34,-0.62,-18.07,-50.66,-1.71
972,-0.07,0.35,-0.6,-19.29,-83.44,-7.02
973,-0.07,0.36,-0.54,-22.83,-113.16,-15.01
974,-0.07,0.37,-0.46,-26.67,-139.95,-24.72
975,-0.1,0.35,-0.36,-29.72,-163.7,-35.46
976,-0.12,0.34,-0.26,-26.92,-183.9,-46.51
977,-0.15,0.32,-0.17,-19.71,-200.2,-55.18
978,-0.15,0.27,0.01,-13.12,-212.04,-61.04
979,-0.11,0.22,0.2,-5.92,-222.72,-65.49
980,-0.08,0.14,0.38,-0.49,-231.38,-68.66
981,-0.06,0.05,0.63,4.7,-236.33,-71.41
982,0.03,-0.03,0.91,15.2,-238.59,-71.29
983,0.07,-0.14,1.24,31.31,-239.81,-66.28
984,0.12,-0.2,1.49,53.41,-240.84,-57.19
985,0.21,-0.29,1.72,70.5,-236.76,-46.08
986,0.28,-0.42,2.03,78.49,-227.05,-37.54
987,0.27,-0.56,2.26,84.96,-216.98,-32.78
988,0.19,-0.69,2.41,89.29,-205.2,-28.75
989,0.2,-0.81,2.65,84.05,-188.96,-23.5
990,0.05,-0.98,2.76,74.52,-174.32,-14.59
991,-0.06,-1.07,2.8,69.46,-153.99,-1.65
992,-0.13,-1.12,2.75,65.8,-123.35,15.99
993,-0.16,-1.15,2.67,47.55,-83.01,34.67
994,-0.19,-1.17,2.56,16.85,-39.61,51.7
995,-0.18,-1.15,2.39,-8.06,-1.22,68.79
996,-0.16,-1.1,2.18,-20.69,28.56,89.11
997,-0.14,-0.85,2.03,-21.18,49.13,112.98
998,-0.08,-0.62,1.9,-24.66,58.29,141.54
999,-0.03,-0.43,1.76,-27.95,56.88,164.06
1000,0.03,-0.26,1.64,-15.75,52.12,173.83
1001,0.09,-0.17,1.53,7.93,49.01,173.22
1002,0.11,-0.16,1.42,31.8,50.42,166.44
1003,0.16,-0.18,1.33,44.8,55.42,158.57
1004,0.22,-0.23,1.25,43.21,61.58,156.19
1005,0.29,-0.28,1.16,35.16,66.47,159.85
1006,0.34,-0.32,1.1,27.89,67.87,166.99
1007,0.41,-0.32,1.05,25.88,65.31,176.03
1008,0.46,-0.28,1.02,28.63,59.45,186.22
1009,0.49,-0.18,1.01,35.16,51.94,198.61
1010,0.54,-0.01,1.03,42.66,42.72,213.5
1011,0.6,0.17,1.03,47.73,33.26,227.29
1012,0.64,0.34,1.06,47,27.1,233.03
1013,0.59,0.51,1.14,47.85,24.48,228.52
1014,0.6,0.73,1.15,56.7,25.33,220.15
1015,0.62,0.97,1.18,61.95,34.24,211
1016,0.6,1.11,1.24,54.02,47.3,198.49
1017,0.62,1.24,1.27,37.9,57.37,177.98
1018,0.63,1.39,1.29,21.91,64.03,151.43
1019,0.62,1.49,1.28,13.61,69.58,124.51
1020,0.61,1.5,1.25,13.49,75.87,97.17
1021,0.57,1.45,1.21,15.14,83.56,66.35
1022,0.55,1.38,1.15,15.44,92.59,33.39
1023,0.52,1.28,1.11,14.89,102.91,4.46
1024,0.51,1.15,1.04,14.04,112.85,-17.52
1025,0.51,1,0.97,13.12,120.97,-34.97
1026,0.48,0.87,0.92,12.08,125,-48.52
1027,0.44,0.74,0.84,9.16,123.11,-56.15
1028,0.39,0.62,0.76,9.03,118.23,-58.41
1029,0.35,0.48,0.68,11.35,112.12,-58.78
1030,0.29,0.34,0.6,12.82,105.35,-59.27
1031,0.23,0.24,0.51,13.79,98.39,-58.78
1032,0.19,0.17,0.43,14.28,92.29,-54.99
1033,0.15,0.1,0.36,15.56,87.16,-49.62
1034,0.1,0.1,0.33,21.67,80.32,-44.37
1035,0.07,0.14,0.31,28.26,69.4,-37.78
1036,0.04,0.19,0.29,31.31,53.89,-31.07
1037,0,0.23,0.27,31.31,35.28,-27.34
1038,-0.02,0.29,0.29,31.92,15.87,-27.59
1039,-0.05,0.37,0.34,35.83,-3.6,-28.08
1040,-0.09,0.43,0.41,42.6,-21.85,-26.86
1041,-0.14,0.49,0.5,49.44,-38.15,-25.88
1042,-0.16,0.61,0.58,55.54,-50.66,-26.86
1043,-0.14,0.71,0.65,55.66,-55.91,-29.36
1044,-0.13,0.74,0.75,49.07,-55.3,-36.25
1045,-0.11,0.78,0.83,38.45,-52.49,-51.09
1046,-0.1,0.76,0.88,26.55,-48.46,-71.41
1047,-0.12,0.74,0.95,21.48,-43.27,-93.44
1048,-0.14,0.67,1.01,22.64,-39.06,-113.1
1049,-0.14,0.58,1.07,28.81,-35.77,-128.78
1050,-0.12,0.47,1.12,35.4,-32.71,-141.05
1051,-0.1,0.33,1.14,35.46,-29.48,-151.55
1052,-0.1,0.19,1.15,27.83,-24.96,-161.5
1053,-0.11,0.05,1.14,15.38,-19.04,-169.43
1054,-0.13,-0.09,1.09,3.6,-11.78,-173.95
1055,-0.16,-0.25,1.03,-3.85,-3.23,-174.87
1056,-0.18,-0.4,0.95,-8.97,4.88,-173.95
1057,-0.21,-0.52,0.84,-14.47,12.82,-171.14
1058,-0.22,-0.6,0.75,-18.31,19.96,-164.31
1059,-0.22,-0.67,0.65,-20.08,24.41,-152.59
1060,-0.22,-0.74,0.54,-20.08,24.66,-136.66
1061,-0.22,-0.75,0.45,-20.94,19.65,-117.37
1062,-0.22,-0.74,0.35,-21.42,8.97,-94.79
1063,-0.2,-0.72,0.26,-21,-4.88,-70.98
1064,-0.2,-0.69,0.19,-21.06,-19.53,-50.66
1065,-0.18,-0.64,0.11,-20.57,-33.94,-35.22
1066,-0.16,-0.59,0.04,-18.62,-46.2,-23.93
1067,-0.12,-0.55,-0.03,-12.51,-55.6,-15.99
1068,-0.09,-0.53,-0.1,-3.3,-63.78,-9.64
1069,-0.04,-0.51,-0.19,3.6,-72.81,-4.15
1070,0.01,-0.49,-0.28,4.76,-81.79,0.85
1071,0.04,-0.48,-0.36,0.12,-90.64,5.55
1072,0.11,-0.45,-0.43,-8.73,-100.52,9.52
1073,0.17,-0.44,-0.44,-19.47,-112.61,13.37
1074,0.17,-0.38,-0.4,-27.83,-129.52,17.4
1075,0.2,-0.3,-0.29,-28.87,-151.37,23.19
1076,0.25,-0.23,-0.1,-26,-176.15,29.97
1077,0.26,-0.13,0.15,-21.73,-202.27,34.61
1078,0.31,-0.03,0.49,-13.37,-225.34,37.05
1079,0.31,0.05,0.9,-2.2,-242.61,37.78
1080,0.28,0.15,1.31,13.43,-254.21,37.9
1081,0.27,0.22,1.66,30.58,-255.13,39.86
1082,0.31,0.22,1.99,33.63,-240.48,39.18
1083,0.37,0.17,2.37,21.3,-213.62,30.94
1084,0.4,0.06,2.7,3.05,-183.72,15.99
1085,0.4,-0.11,2.91,-11.29,-155.4,-0.98
1086,0.29,-0.29,3.06,-17.58,-127.62,-14.4
1087,0.22,-0.46,3.16,-15.87,-100.52,-19.41
1088,0.05,-0.6,3.07,-11.9,-76.42,-14.83
1089,-0.04,-0.71,2.91,-14.28,-49.93,-3.11
1090,-0.14,-0.82,2.76,-25.7,-21.61,11.17
1091,-0.19,-0.9,2.55,-38.57,3.66,24.41
1092,-0.21,-0.96,2.32,-42.6,24.11,38.02
1093,-0.21,-1.03,2.1,-38.88,39.37,53.41
1094,-0.15,-1.07,1.91,-32.47,48.89,70.56
1095,-0.04,-1.05,1.75,-25.63,53.28,90.94
1096,0.06,-1.04,1.61,-18.74,53.96,114.62
1097,0.15,-0.98,1.45,-10.62,52.25,136.78
1098,0.24,-0.9,1.31,-3.6,51.39,155.64
1099,0.33,-0.81,1.17,1.16,53.28,171.02
1100,0.42,-0.73,1.05,1.34,56.88,182.98
1101,0.53,-0.63,0.94,-0.49,60.85,192.08
1102,0.61,-0.55,0.87,4.58,63.23,201.72
1103,0.66,-0.35,0.8,15.75,62.38,213.01
1104,0.72,-0.15,0.77,25.94,57.98,228.52
1105,0.78,0.1,0.74,27.34,48.52,240.36
1106,0.78,0.34,0.7,19.47,35.83,244.32
1107,0.77,0.55,0.7,13.92,23.19,239.38
1108,0.76,0.71,0.7,16.91,12.33,227.54
1109,0.75,0.82,0.69,25.33,4.94,210.27
1110,0.72,0.9,0.7,36.5,1.22,189.7
1111,0.71,0.97,0.76,45.78,-1.34,169.37
1112,0.73,1,0.78,46.69,-4.7,150.94
1113,0.75,1.03,0.78,40.28,-7.45,132.26
1114,0.74,1.04,0.8,30.52,-8.06,112.55
1115,0.71,1.02,0.83,21.24,-8.67,93.44
1116,0.68,0.98,0.84,16.11,-9.89,74.4
1117,0.63,0.91,0.83,14.22,-10.13,56.34
1118,0.6,0.83,0.83,12.08,-8.06,38.64
1119,0.59,0.73,0.82,9.09,-3.85,22.64
1120,0.55,0.62,0.81,4.88,0.31,9.22
1121,0.51,0.53,0.83,0.49,2.56,-1.34
1122,0.46,0.46,0.83,-2.56,2.14,-8.36
1123,0.42,0.38,0.82,-5.98,-0.06,-12.94
1124,0.36,0.3,0.82,-9.22,-2.87,-17.03
1125,0.3,0.22,0.82,-11.66,-5.68,-20.39
1126,0.25,0.16,0.83,-13.24,-7.93,-23.32
1127,0.22,0.12,0.83,-13.24,-9.64,-26.12
1128,0.19,0.07,0.83,-7.32,-10.62,-27.83
1129,0.17,0.02,0.83,2.26,-11.23,-28.75
1130,0.14,-0.01,0.82,7.51,-12.21,-29.79
1131,0.1,-0.02,0.83,5.37,-14.22,-30.33
1132,0.07,-0.04,0.84,-0.37,-17.52,-29.72
1133,0.06,-0.05,0.87,-6.71,-20.69,-28.99
1134,0.05,-0.07,0.91,-10.44,-22.77,-28.99
1135,0.05,-0.09,0.95,-11.47,-23.56,-29.24
1136,0.05,-0.11,0.99,-12.76,-22.4,-29.54
1137,0.04,-0.13,1.02,-15.69,-20.26,-30.4
1138,0.04,-0.14,1.04,-17.27,-17.64,-31.13
1139,0.06,-0.11,1.07,-17.27,-14.4,-30.15
1140,0.09,-0.09,1.09,-16.3,-10.99,-27.22
1141,0.13,-0.07,1.11,-16.24,-8.24,-24.35
1142,0.17,-0.04,1.11,-18.07,-5.86,-22.64
1143,0.21,0.03,1.12,-19.71,-3.54,-20.51
1144,0.24,0.09,1.1,-20.45,-0.92,-16.48
1145,0.29,0.17,1.08,-20.75,3.54,-14.16
1146,0.34,0.32,1.11,-20.57,10.5,-12.57
1147,0.41,0.5,1.17,-19.59,17.03,-8.48
1148,0.5,0.7,1.2,-19.96,20.45,-6.29
1149,0.56,0.91,1.23,-20.45,21.73,-10.31
1150,0.63,1.09,1.24,-17.88,21.85,-19.29
1151,0.71,1.23,1.24,-16.17,21.36,-34.73
1152,0.75,1.29,1.23,-17.27,21.3,-57.13
1153,0.77,1.33,1.2,-16.48,22.34,-83.86
1154,0.77,1.31,1.16,-14.22,25.82,-111.15
1155,0.75,1.26,1.15,-11.41,30.82,-136.41
1156,0.75,1.18,1.14,-8.18,33.75,-159
1157,0.75,1.09,1.12,-8,34.18,-179.63
1158,0.73,1.02,1.12,-10.5,33.57,-198.91
1159,0.73,0.9,1.12,-12.94,31.8,-216.8
1160,0.73,0.75,1.08,-14.71,30.4,-235.41
1161,0.71,0.58,1.05,-17.03,31.74,-254.33
1162,0.7,0.4,1.01,-17.82,35.71,-270.57
1163,0.66,0.16,0.97,-15.69,40.89,-283.08
1164,0.59,-0.08,0.91,-14.4,45.41,-292.91
1165,0.54,-0.37,0.87,-17.94,49.87,-299.62
1166,0.55,-0.68,0.89,-21.73,53.16,-303.28
1167,0.52,-0.96,0.9,-18.86,52.25,-303.77
1168,0.49,-1.2,0.89,-4.58,48.28,-298.46
1169,0.43,-1.44,0.87,13.73,43.09,-286.01
1170,0.37,-1.66,0.83,29.17,37.41,-269.04
1171,0.33,-1.85,0.75,28.5,32.59,-252.14
1172,0.32,-2,0.7,12.21,31.62,-235.78
1173,0.29,-2.2,0.68,-9.09,32.23,-218.51
1174,0.25,-2.42,0.63,-22.89,31.98,-200.26
1175,0.23,-2.63,0.57,-26.31,31.25,-178.47
1176,0.19,-2.81,0.55,-27.77,30.15,-148.93
1177,0.17,-2.95,0.53,-36.68,28.14,-109.19
1178,0.14,-3,0.52,-55.85,25.33,-61.28
1179,0.12,-2.98,0.49,-79.22,21.91,-9.7
1180,0.11,-2.84,0.54,-93.81,17.33,42.72
1181,0.15,-2.64,0.57,-93.93,9.03,95.95
1182,0.21,-2.38,0.65,-80.2,-2.38,148.07
1183,0.3,-2.1,0.74,-56.58,-15.44,196.59
1184,0.43,-1.81,0.86,-29.05,-27.65,239.87
1185,0.58,-1.5,0.98,-1.59,-36.99,278.38
1186,0.73,-1.12,1.12,21.12,-41.75,313.72
1187,0.89,-0.74,1.29,36.25,-42.97,346.13
1188,1.01,-0.33,1.44,44.01,-41.81,369.75
1189,1.06,0.22,1.54,44.86,-39.37,381.71
1190,1.03,0.66,1.63,42.48,-35.64,387.33
1191,1,1.17,1.67,37.84,-32.23,380.13
1192,0.92,1.72,1.69,26.79,-28.56,362.61
1193,0.82,2.02,1.64,8.42,-23.62,337.4
1194,0.77,2.3,1.58,-7.63,-15.08,296.39
1195,0.72,2.47,1.52,-17.46,-1.59,244.63
1196,0.72,2.56,1.44,-26.31,15.2,188.05
1197,0.69,2.59,1.37,-34.67,32.29,132.2
1198,0.67,2.54,1.27,-42.79,46.08,80.14
1199,0.67,2.47,1.16,-45.72,55.79,32.96
1200,0.65,2.3,1.02,-47.55,61.95,-7.08
1201,0.65,2.09,0.9,-45.72,65.25,-41.63
1202,0.63,1.85,0.78,-38.15,65,-71.9
1203,0.6,1.59,0.66,-24.54,60.91,-96.86
1204,0.57,1.35,0.56,-8.97,53.96,-116.88
1205,0.53,1.1,0.41,7.87,45.1,-132.02
1206,0.53,0.84,0.27,22.16,36.74,-142.64
1207,0.47,0.66,0.28,25.09,28.81,-150.51
1208,0.47,0.39,0.14,10.86,16.97,-156.01
1209,0.3,0.07,0.08,-9.03,6.59,-158.08
1210,0.2,-0.24,0.1,-14.04,-3.54,-160.64
1211,0.2,-0.41,-0.28,-21.36,-15.93,-167.42
1212,-0.01,-0.6,0.08,-36.8,-20.2,-170.84
1213,0.04,-0.73,0.03,-6.96,-28.14,-162.6
1214,0.09,-1.06,0.16,8.85,-36.5,-149.23
1215,0.06,-1.24,0.36,14.34,-49.38,-136.72
1216,0.07,-1.25,0.56,32.9,-65.25,-117.68
1217,0.02,-1.37,0.81,66.71,-81.91,-89.97
1218,0.05,-1.42,0.96,105.1,-98.51,-61.1
1219,0.03,-1.36,1.13,138.24,-111.88,-30.64
1220,0.03,-1.3,1.43,169.68,-121.58,2.99
1221,-0.04,-1.09,1.74,199.58,-129.64,38.33
1222,-0.06,-0.82,1.8,219.24,-133.36,74.1
1223,-0.1,-0.62,1.74,208.56,-123.6,102.91
1224,0.03,-0.63,1.75,167.18,-98.27,111.57
1225,0.02,-0.2,1.67,119.93,-66.16,92.35
1226,-0.11,-0.01,1.76,77.39,-34.67,72.33
1227,-0.01,0.1,1.58,48.34,-10.68,56.76
1228,-0.07,0.29,1.63,31.98,9.77,42.6
1229,-0.03,0.31,1.57,29.97,18.86,36.87
1230,-0.04,0.36,1.48,36.13,20.45,33.08
1231,-0.01,0.33,1.34,36.99,20.57,28.87
1232,0.03,0.32,1.27,25.51,22.64,20.75
1233,0.13,0.27,1.23,5.31,23.25,10.13
1234,0.03,0.32,1.1,-8.3,20.75,-1.65
1235,0,0.3,1.09,-14.1,17.46,-7.51
1236,0.05,0.3,1.02,-12.21,12.45,-2.75
1237,0.06,0.31,0.92,-19.47,5.86,6.77
1238,0.08,0.31,0.84,-39.25,-1.04,14.95
1239,0.08,0.29,0.79,-66.65,-8.42,16.97
1240,0.04,0.27,1.03,-92.53,-17.82,13.85
1241,0.06,0.26,0.91,-83.62,-31.07,12.63
1242,0.05,0.2,1.05,-66.71,-39.18,13.18
1243,0.03,0.3,0.97,-25.02,-41.75,16.72
1244,0.09,0.16,0.81,2.14,-36.99,24.72
1245,0.06,0.17,0.84,-14.22,-25.39,26.25
1246,0.06,0.16,0.89,-43.21,-16.54,24.84
1247,0.38,0.44,-0.58,-67.63,-12.39,23.44
1248,-0.14,0.03,1.69,-180.97,37.84,7.87
1249,0.16,0.15,0.72,-163.15,34.48,6.84
1250,0.23,-0.16,1.2,-157.96,38.94,4.58
1251,0.07,0.3,1.1,-21.48,47.49,13.18
1252,0.01,0.15,1.23,54.32,39.61,33.45
1253,0,-0.18,1.17,54.5,30.7,52.61
1254,0.01,-0.26,1.16,23.93,20.2,50.66
1255,0.04,-0.22,1.22,3.05,12.63,38.57
1256,0.04,-0.24,1.26,-4.46,5.55,23.32
1257,0.04,-0.11,1.26,-12.02,-2.99,8.12
1258,0.1,0.04,1.13,-37.05,-14.28,-2.32
1259,0.27,-0.35,0.33,-74.71,-23.32,-5.8
1260,0.27,0.05,0.05,-2.2,-5.68,-6.47
1261,0.18,0,0.34,53.71,18.49,-9.77
1262,0.08,0,0.82,67.44,35.03,-11.47
1263,-0.12,0.19,1.91,31.07,34.67,-11.9
1264,0.08,0.2,0.78,-51.64,-9.28,-11.35
1265,0.07,0.03,0.91,-53.04,-10.13,-8.54
1266,0.05,-0.08,0.96,-25.57,-2.26,-5.25
1267,-0.04,0.04,1.47,6.1,4.64,-2.87
1268,0.05,-0.04,0.89,1.95,-3.23,-1.83
1269,0.04,0.03,1.03,8.24,-1.22,-1.1
1270,0.04,0.03,0.97,3.17,-2.08,-1.16
1271,0.04,0.01,0.96,-4.52,-2.26,-1.1
1272,0.04,0.01,1.03,-9.7,-2.08,-1.1
1273,0.04,-0.02,1.01,-10.44,-2.38,-1.04
1274,0.04,-0.02,1.03,-6.35,-1.95,-0.85
1275,0.04,-0.01,1.02,-2.38,-2.08,-0.79
1276,0.04,0,1,0,-1.89,-0.73
1277,0.04,0,0.99,-0.92,-2.01,-0.73
1278,0.04,0,1,-3.17,-2.01,-0.79
1279,0.04,-0.01,1.01,-4.82,-2.08,-0.73
1280,0.04,-0.01,1.02,-4.15,-2.08,-0.67
1281,0.04,-0.01,1.01,-2.38,-2.08,-0.61
1282,0.04,0,1,-1.34,-2.01,-0.61
1283,0.04,0,1,-1.83,-2.08,-0.55
1284,0.04,-0.01,1,-2.81,-2.14,-0.61
1285,0.04,-0.01,1.01,-3.17,-2.08,-0.61
1286,0.04,-0.01,1.01,-2.75,-2.08,-0.61
1287,0.04,-0.01,1,-2.14,-2.08,-0.61
1288,0.04,0,1.01,-2.01,-2.08,-0.49
1289,0.04,-0.01,1,-2.26,-2.08,-0.55
1290,0.04,-0.01,1,-2.62,-2.14,-0.55
1291,0.04,-0.01,1.01,-2.5,-2.2,-0.55
1292,0.04,-0.01,1.01,-2.26,-2.08,-0.61
1293,0.04,-0.01,1,-2.2,-2.08,-0.55
1294,0.04,-0.01,1,-2.2,-2.08,-0.49
1295,0.04,-0.01,1,-2.26,-2.08,-0.43
1296,0.04,-0.01,1,-2.38,-2.14,-0.49
1297,0.04,-0.01,1,-2.32,-2.08,-0.49
1298,0.04,-0.01,1,-2.2,-2.08,-0.55
1299,0.04,-0.01,1,-2.2,-2.14,-0.43
1300,0.04,-0.01,1,-2.2,-2.08,-0.49
1301,0.04,-0.01,1,-2.26,-2.01,-0.49
1302,0.04,-0.01,1,-2.26,-2.08,-0.49
1303,0.04,-0.01,1,-2.2,-2.01,-0.43
1304,0.04,-0.01,1,-2.14,-2.01,-0.49
1305,0.04,-0.01,1,-2.2,-2.01,-0.49
1306,0.04,-0.01,1,-2.2,-2.14,-0.43
1307,0.04,-0.01,1,-2.14,-2.01,-0.49
1308,0.04,-0.01,1,-2.2,-2.08,-0.49
1309,0.04,-0.01,1,-2.14,-2.01,-0.49
1310,0.04,-0.01,1,-2.2,-2.14,-0.49
1311,0.04,-0.01,1,-2.14,-2.08,-0.49
1312,0.04,-0.01,1,-2.14,-2.08,-0.49
1313,0.04,-0.01,1,-2.08,-2.08,-0.49
1314,0.04,-0.01,1,-2.14,-2.08,-0.49
1315,0.04,-0.01,1,-2.14,-2.01,-0.43
1316,0.04,-0.01,1,-2.08,-2.08,-0.49
1317,0.04,-0.01,1.01,-2.01,-2.08,-0.49
1318,0.04,-0.01,1,-2.14,-2.01,-0.37
1319,0.04,-0.01,1,-2.01,-2.2,-0.43
1320,0.04,-0.01,1,-2.14,-2.14,-0.43
1321,0.04,-0.01,1,-2.01,-2.14,-0.49
1322,0.04,-0.01,1,-2.14,-2.08,-0.49
1323,0.04,-0.01,1,-2.01,-2.2,-0.43
1324,0.04,-0.01,1,-2.01,-2.14,-0.43
1325,0.04,-0.01,1,-2.01,-2.08,-0.49
1326,0.04,-0.01,1,-2.01,-2.08,-0.49
1327,0.04,-0.01,1,-2.01,-2.01,-0.49
1328,0.04,-0.01,1,-2.01,-2.14,-0.43
1329,0.04,-0.01,1,-2.01,-2.14,-0.49
1330,0.04,-0.01,1,-1.95,-2.08,-0.49
1331,0.04,-0.01,1,-2.14,-2.08,-0.43
1332,0.04,-0.01,1,-2.08,-2.08,-0.43
1333,0.04,-0.01,1,-2.01,-2.08,-0.49
1334,0.04,-0.01,1,-2.08,-2.01,-0.43
1335,0.04,-0.01,1,-2.01,-2.01,-0.31
1336,0.04,-0.01,1,-1.95,-2.08,-0.37
1337,0.04,-0.01,1,-2.01,-2.14,-0.43
1338,0.04,-0.01,1,-2.08,-2.08,-0.43
1339,0.04,-0.01,1,-2.01,-2.08,-0.43
1340,0.04,-0.01,1,-1.95,-2.01,-0.43
1341,0.04,-0.01,1,-1.95,-2.2,-0.49
1342,0.04,-0.01,1,-1.95,-2.08,-0.43
1343,0.04,-0.01,1,-2.01,-2.14,-0.43
1344,0.04,-0.01,1,-1.95,-2.08,-0.49
1345,0.04,-0.01,1,-1.89,-2.08,-0.43
1346,0.04,-0.01,1,-1.95,-2.08,-0.37
1347,0.04,-0.01,1,-2.01,-2.08,-0.37
1348,0.04,-0.01,1,-1.95,-2.01,-0.37
1349,0.04,-0.01,1,-1.95,-2.14,-0.43
1350,0.04,-0.01,1,-1.95,-2.14,-0.43
1351,0.04,-0.01,1,-2.01,-2.08,-0.49
1352,0.04,-0.01,1,-1.95,-2.01,-0.55